{
    "loss": 45.901763916015625,
    "accuracy": 0.4313725531101227
}